year,round,race_name,is_sprint,race_mae,race_rmse,race_rho,quali_mae,quali_rho,winner_correct,top3_hits,top5_hits,pred_winner,actual_winner,biggest_misses
2024,1,Bahrain Grand Prix,False,2.4,3.286,0.838,2.2,0.868,True,1,3,Max Verstappen,Max Verstappen,"[{'driver': 'Guanyu Zhou', 'actual': 11, 'predicted': 19, 'error': 8}, {'driver': 'Sergio Pérez', 'actual': 2, 'predicted': 8, 'error': 6}, {'driver': 'Pierre Gasly', 'actual': 18, 'predicted': 12, 'error': 6}, {'driver': 'Nico Hülkenberg', 'actual': 16, 'predicted': 11, 'error': 5}, {'driver': 'Lando Norris', 'actual': 6, 'predicted': 2, 'error': 4}]"
2024,2,Saudi Arabian Grand Prix,True,2.9,4.037,0.755,2.2,0.862,True,2,3,Max Verstappen,Max Verstappen,"[{'driver': 'Lance Stroll', 'actual': 19, 'predicted': 10, 'error': 9}, {'driver': 'Pierre Gasly', 'actual': 20, 'predicted': 12, 'error': 8}, {'driver': 'Lando Norris', 'actual': 8, 'predicted': 2, 'error': 6}, {'driver': 'Alexander Albon', 'actual': 11, 'predicted': 17, 'error': 6}, {'driver': 'Logan Sargeant', 'actual': 14, 'predicted': 20, 'error': 6}]"
2024,3,Australian Grand Prix,False,4.526,6.274,0.344,2.632,0.823,False,2,4,Max Verstappen,Carlos Sainz,"[{'driver': 'Max Verstappen', 'actual': 19, 'predicted': 1, 'error': 18}, {'driver': 'Lewis Hamilton', 'actual': 18, 'predicted': 6, 'error': 12}, {'driver': 'George Russell', 'actual': 17, 'predicted': 7, 'error': 10}, {'driver': 'Yuki Tsunoda', 'actual': 7, 'predicted': 13, 'error': 6}, {'driver': 'Alexander Albon', 'actual': 11, 'predicted': 17, 'error': 6}]"
2024,4,Japanese Grand Prix,False,2.2,2.72,0.889,2.0,0.872,True,1,4,Max Verstappen,Max Verstappen,"[{'driver': 'Sergio Pérez', 'actual': 2, 'predicted': 8, 'error': 6}, {'driver': 'Valtteri Bottas', 'actual': 14, 'predicted': 18, 'error': 4}, {'driver': 'Pierre Gasly', 'actual': 16, 'predicted': 12, 'error': 4}, {'driver': 'Lando Norris', 'actual': 5, 'predicted': 2, 'error': 3}, {'driver': 'Fernando Alonso', 'actual': 6, 'predicted': 9, 'error': 3}]"
2024,5,Chinese Grand Prix,True,2.6,3.162,0.85,3.6,0.674,True,2,4,Max Verstappen,Max Verstappen,"[{'driver': 'Yuki Tsunoda', 'actual': 19, 'predicted': 13, 'error': 6}, {'driver': 'Sergio Pérez', 'actual': 3, 'predicted': 8, 'error': 5}, {'driver': 'Alexander Albon', 'actual': 12, 'predicted': 17, 'error': 5}, {'driver': 'Guanyu Zhou', 'actual': 14, 'predicted': 19, 'error': 5}, {'driver': 'Lance Stroll', 'actual': 15, 'predicted': 10, 'error': 5}]"
2024,6,Miami Grand Prix,False,2.4,3.536,0.812,2.1,0.896,False,3,4,Max Verstappen,Lando Norris,"[{'driver': 'Oscar Piastri', 'actual': 13, 'predicted': 5, 'error': 8}, {'driver': 'Lance Stroll', 'actual': 17, 'predicted': 10, 'error': 7}, {'driver': 'Yuki Tsunoda', 'actual': 7, 'predicted': 13, 'error': 6}, {'driver': 'Esteban Ocon', 'actual': 10, 'predicted': 15, 'error': 5}, {'driver': 'Guanyu Zhou', 'actual': 14, 'predicted': 19, 'error': 5}]"
2024,7,Emilia Romagna Grand Prix,False,1.8,2.966,0.868,2.4,0.839,True,3,5,Max Verstappen,Max Verstappen,"[{'driver': 'Fernando Alonso', 'actual': 19, 'predicted': 9, 'error': 10}, {'driver': 'Guanyu Zhou', 'actual': 15, 'predicted': 19, 'error': 4}, {'driver': 'Pierre Gasly', 'actual': 16, 'predicted': 12, 'error': 4}, {'driver': 'Yuki Tsunoda', 'actual': 10, 'predicted': 13, 'error': 3}, {'driver': 'Daniel Ricciardo', 'actual': 13, 'predicted': 16, 'error': 3}]"
2024,8,Monaco Grand Prix,False,4.0,4.69,0.669,2.7,0.808,False,1,4,Max Verstappen,Charles Leclerc,"[{'driver': 'Sergio Pérez', 'actual': 18, 'predicted': 8, 'error': 10}, {'driver': 'Alexander Albon', 'actual': 9, 'predicted': 17, 'error': 8}, {'driver': 'Nico Hülkenberg', 'actual': 19, 'predicted': 11, 'error': 8}, {'driver': 'Kevin Magnussen', 'actual': 20, 'predicted': 14, 'error': 6}, {'driver': 'Max Verstappen', 'actual': 6, 'predicted': 1, 'error': 5}]"
2024,9,Canadian Grand Prix,False,3.9,5.84,0.487,4.0,0.638,True,2,3,Max Verstappen,Max Verstappen,"[{'driver': 'Charles Leclerc', 'actual': 19, 'predicted': 3, 'error': 16}, {'driver': 'Carlos Sainz', 'actual': 16, 'predicted': 4, 'error': 12}, {'driver': 'Sergio Pérez', 'actual': 18, 'predicted': 8, 'error': 10}, {'driver': 'Daniel Ricciardo', 'actual': 8, 'predicted': 16, 'error': 8}, {'driver': 'Esteban Ocon', 'actual': 10, 'predicted': 15, 'error': 5}]"
2024,10,Spanish Grand Prix,False,2.3,2.966,0.868,2.9,0.798,True,2,3,Max Verstappen,Max Verstappen,"[{'driver': 'Guanyu Zhou', 'actual': 13, 'predicted': 19, 'error': 6}, {'driver': 'Yuki Tsunoda', 'actual': 19, 'predicted': 13, 'error': 6}, {'driver': 'Esteban Ocon', 'actual': 10, 'predicted': 15, 'error': 5}, {'driver': 'Lance Stroll', 'actual': 14, 'predicted': 10, 'error': 4}, {'driver': 'Lewis Hamilton', 'actual': 3, 'predicted': 6, 'error': 3}]"
2024,11,Austrian Grand Prix,False,4.3,5.84,0.487,2.2,0.874,False,0,3,Max Verstappen,George Russell,"[{'driver': 'Lando Norris', 'actual': 20, 'predicted': 2, 'error': 18}, {'driver': 'Fernando Alonso', 'actual': 18, 'predicted': 9, 'error': 9}, {'driver': 'Charles Leclerc', 'actual': 11, 'predicted': 3, 'error': 8}, {'driver': 'Daniel Ricciardo', 'actual': 9, 'predicted': 16, 'error': 7}, {'driver': 'George Russell', 'actual': 1, 'predicted': 7, 'error': 6}]"
2024,12,British Grand Prix,False,4.4,5.71,0.51,4.2,0.597,False,2,4,Max Verstappen,Lewis Hamilton,"[{'driver': 'George Russell', 'actual': 19, 'predicted': 7, 'error': 12}, {'driver': 'Charles Leclerc', 'actual': 14, 'predicted': 3, 'error': 11}, {'driver': 'Logan Sargeant', 'actual': 11, 'predicted': 20, 'error': 9}, {'driver': 'Sergio Pérez', 'actual': 17, 'predicted': 8, 'error': 9}, {'driver': 'Alexander Albon', 'actual': 9, 'predicted': 17, 'error': 8}]"
2024,13,Hungarian Grand Prix,True,2.4,3.033,0.862,3.7,0.633,False,1,4,Max Verstappen,Oscar Piastri,"[{'driver': 'Pierre Gasly', 'actual': 20, 'predicted': 12, 'error': 8}, {'driver': 'Oscar Piastri', 'actual': 1, 'predicted': 5, 'error': 4}, {'driver': 'Max Verstappen', 'actual': 5, 'predicted': 1, 'error': 4}, {'driver': 'Yuki Tsunoda', 'actual': 9, 'predicted': 13, 'error': 4}, {'driver': 'Daniel Ricciardo', 'actual': 12, 'predicted': 16, 'error': 4}]"
2024,14,Belgian Grand Prix,False,3.3,4.483,0.698,2.3,0.847,False,1,4,Max Verstappen,Lewis Hamilton,"[{'driver': 'George Russell', 'actual': 20, 'predicted': 7, 'error': 13}, {'driver': 'Nico Hülkenberg', 'actual': 18, 'predicted': 11, 'error': 7}, {'driver': 'Esteban Ocon', 'actual': 9, 'predicted': 15, 'error': 6}, {'driver': 'Daniel Ricciardo', 'actual': 10, 'predicted': 16, 'error': 6}, {'driver': 'Lewis Hamilton', 'actual': 1, 'predicted': 6, 'error': 5}]"
2024,15,Dutch Grand Prix,False,1.8,2.302,0.92,2.25,0.863,False,3,5,Max Verstappen,Lando Norris,"[{'driver': 'Daniel Ricciardo', 'actual': 12, 'predicted': 16, 'error': 4}, {'driver': 'Logan Sargeant', 'actual': 16, 'predicted': 20, 'error': 4}, {'driver': 'Yuki Tsunoda', 'actual': 17, 'predicted': 13, 'error': 4}, {'driver': 'Kevin Magnussen', 'actual': 18, 'predicted': 14, 'error': 4}, {'driver': 'Pierre Gasly', 'actual': 9, 'predicted': 12, 'error': 3}]"
2024,16,Italian Grand Prix,False,3.1,3.975,0.762,2.3,0.872,False,2,4,Max Verstappen,Charles Leclerc,"[{'driver': 'Alexander Albon', 'actual': 9, 'predicted': 18, 'error': 9}, {'driver': 'Lance Stroll', 'actual': 19, 'predicted': 11, 'error': 8}, {'driver': 'Yuki Tsunoda', 'actual': 20, 'predicted': 14, 'error': 6}, {'driver': 'Max Verstappen', 'actual': 6, 'predicted': 1, 'error': 5}, {'driver': 'Kevin Magnussen', 'actual': 10, 'predicted': 15, 'error': 5}]"
2024,17,Azerbaijan Grand Prix,False,4.5,5.612,0.526,2.85,0.697,False,1,4,Max Verstappen,Oscar Piastri,"[{'driver': 'Carlos Sainz', 'actual': 18, 'predicted': 4, 'error': 14}, {'driver': 'Alexander Albon', 'actual': 7, 'predicted': 18, 'error': 11}, {'driver': 'Sergio Pérez', 'actual': 17, 'predicted': 8, 'error': 9}, {'driver': 'Lance Stroll', 'actual': 19, 'predicted': 12, 'error': 7}, {'driver': 'Guanyu Zhou', 'actual': 14, 'predicted': 20, 'error': 6}]"
2024,18,Singapore Grand Prix,True,2.3,2.608,0.898,2.9,0.806,False,2,4,Max Verstappen,Lando Norris,"[{'driver': 'Guanyu Zhou', 'actual': 15, 'predicted': 20, 'error': 5}, {'driver': 'Pierre Gasly', 'actual': 17, 'predicted': 13, 'error': 4}, {'driver': 'Kevin Magnussen', 'actual': 19, 'predicted': 15, 'error': 4}, {'driver': 'George Russell', 'actual': 4, 'predicted': 7, 'error': 3}, {'driver': 'Carlos Sainz', 'actual': 7, 'predicted': 4, 'error': 3}]"
2024,19,United States Grand Prix,True,2.6,3.912,0.77,2.3,0.788,False,2,5,Max Verstappen,Charles Leclerc,"[{'driver': 'Lewis Hamilton', 'actual': 20, 'predicted': 6, 'error': 14}, {'driver': 'Nico Hülkenberg', 'actual': 8, 'predicted': 13, 'error': 5}, {'driver': 'Kevin Magnussen', 'actual': 11, 'predicted': 16, 'error': 5}, {'driver': 'Fernando Alonso', 'actual': 13, 'predicted': 9, 'error': 4}, {'driver': 'Lance Stroll', 'actual': 15, 'predicted': 12, 'error': 3}]"
2024,20,Mexico City Grand Prix,False,3.9,4.775,0.657,3.1,0.68,False,2,3,Max Verstappen,Carlos Sainz,"[{'driver': 'Kevin Magnussen', 'actual': 7, 'predicted': 16, 'error': 9}, {'driver': 'Sergio Pérez', 'actual': 17, 'predicted': 8, 'error': 9}, {'driver': 'Fernando Alonso', 'actual': 18, 'predicted': 9, 'error': 9}, {'driver': 'Liam Lawson', 'actual': 16, 'predicted': 10, 'error': 6}, {'driver': 'Max Verstappen', 'actual': 6, 'predicted': 1, 'error': 5}]"
2024,21,São Paulo Grand Prix,True,5.2,6.496,0.365,5.6,0.307,True,1,2,Max Verstappen,Max Verstappen,"[{'driver': 'Esteban Ocon', 'actual': 2, 'predicted': 17, 'error': 15}, {'driver': 'Pierre Gasly', 'actual': 3, 'predicted': 15, 'error': 12}, {'driver': 'Carlos Sainz', 'actual': 16, 'predicted': 4, 'error': 12}, {'driver': 'Yuki Tsunoda', 'actual': 7, 'predicted': 16, 'error': 9}, {'driver': 'Valtteri Bottas', 'actual': 13, 'predicted': 19, 'error': 6}]"
2024,22,Las Vegas Grand Prix,False,3.4,3.975,0.762,4.1,0.66,False,0,3,Max Verstappen,George Russell,"[{'driver': 'Guanyu Zhou', 'actual': 13, 'predicted': 20, 'error': 7}, {'driver': 'George Russell', 'actual': 1, 'predicted': 7, 'error': 6}, {'driver': 'Yuki Tsunoda', 'actual': 9, 'predicted': 15, 'error': 6}, {'driver': 'Liam Lawson', 'actual': 16, 'predicted': 10, 'error': 6}, {'driver': 'Pierre Gasly', 'actual': 20, 'predicted': 14, 'error': 6}]"
2024,23,Qatar Grand Prix,False,4.9,5.865,0.483,2.9,0.788,True,2,3,Max Verstappen,Max Verstappen,"[{'driver': 'Guanyu Zhou', 'actual': 8, 'predicted': 20, 'error': 12}, {'driver': 'Pierre Gasly', 'actual': 5, 'predicted': 14, 'error': 9}, {'driver': 'Sergio Pérez', 'actual': 17, 'predicted': 8, 'error': 9}, {'driver': 'Lando Norris', 'actual': 10, 'predicted': 2, 'error': 8}, {'driver': 'Valtteri Bottas', 'actual': 11, 'predicted': 19, 'error': 8}]"
2024,24,Abu Dhabi Grand Prix,False,4.1,5.225,0.589,3.9,0.611,False,2,3,Max Verstappen,Lando Norris,"[{'driver': 'Sergio Pérez', 'actual': 20, 'predicted': 8, 'error': 12}, {'driver': 'Pierre Gasly', 'actual': 7, 'predicted': 15, 'error': 8}, {'driver': 'Franco Colapinto', 'actual': 19, 'predicted': 11, 'error': 8}, {'driver': 'Alexander Albon', 'actual': 11, 'predicted': 18, 'error': 7}, {'driver': 'Guanyu Zhou', 'actual': 13, 'predicted': 20, 'error': 7}]"
2025,1,Australian Grand Prix,False,4.1,4.837,0.648,3.2,0.759,False,2,3,Max Verstappen,Lando Norris,"[{'driver': 'Carlos Sainz', 'actual': 18, 'predicted': 9, 'error': 9}, {'driver': 'Lance Stroll', 'actual': 6, 'predicted': 14, 'error': 8}, {'driver': 'Isack Hadjar', 'actual': 20, 'predicted': 12, 'error': 8}, {'driver': 'Pierre Gasly', 'actual': 11, 'predicted': 18, 'error': 7}, {'driver': 'Nico Hülkenberg', 'actual': 7, 'predicted': 13, 'error': 6}]"
2025,2,Chinese Grand Prix,True,4.0,5.568,0.534,2.6,0.856,False,2,4,Max Verstappen,Oscar Piastri,"[{'driver': 'Charles Leclerc', 'actual': 18, 'predicted': 5, 'error': 13}, {'driver': 'Lewis Hamilton', 'actual': 19, 'predicted': 6, 'error': 13}, {'driver': 'Esteban Ocon', 'actual': 5, 'predicted': 15, 'error': 10}, {'driver': 'Jack Doohan', 'actual': 13, 'predicted': 20, 'error': 7}, {'driver': 'Fernando Alonso', 'actual': 17, 'predicted': 11, 'error': 6}]"
2025,3,Japanese Grand Prix,False,2.1,2.966,0.868,1.6,0.934,True,3,5,Max Verstappen,Max Verstappen,"[{'driver': 'Lance Stroll', 'actual': 20, 'predicted': 14, 'error': 6}, {'driver': 'Yuki Tsunoda', 'actual': 12, 'predicted': 17, 'error': 5}, {'driver': 'Pierre Gasly', 'actual': 13, 'predicted': 18, 'error': 5}, {'driver': 'Carlos Sainz', 'actual': 14, 'predicted': 9, 'error': 5}, {'driver': 'Jack Doohan', 'actual': 15, 'predicted': 20, 'error': 5}]"
2025,4,Bahrain Grand Prix,False,3.9,5.07,0.614,3.3,0.762,False,2,4,Max Verstappen,Oscar Piastri,"[{'driver': 'Pierre Gasly', 'actual': 7, 'predicted': 18, 'error': 11}, {'driver': 'Carlos Sainz', 'actual': 19, 'predicted': 9, 'error': 10}, {'driver': 'Yuki Tsunoda', 'actual': 9, 'predicted': 17, 'error': 8}, {'driver': 'Esteban Ocon', 'actual': 8, 'predicted': 15, 'error': 7}, {'driver': 'Nico Hülkenberg', 'actual': 20, 'predicted': 13, 'error': 7}]"
2025,5,Saudi Arabian Grand Prix,False,1.7,1.924,0.944,2.7,0.827,False,2,5,Max Verstappen,Oscar Piastri,"[{'driver': 'Liam Lawson', 'actual': 12, 'predicted': 16, 'error': 4}, {'driver': 'Oliver Bearman', 'actual': 13, 'predicted': 10, 'error': 3}, {'driver': 'Jack Doohan', 'actual': 17, 'predicted': 20, 'error': 3}, {'driver': 'Oscar Piastri', 'actual': 1, 'predicted': 3, 'error': 2}, {'driver': 'Charles Leclerc', 'actual': 3, 'predicted': 5, 'error': 2}]"
2025,6,Miami Grand Prix,True,2.4,3.317,0.835,3.4,0.743,False,2,4,Max Verstappen,Oscar Piastri,"[{'driver': 'Oliver Bearman', 'actual': 19, 'predicted': 10, 'error': 9}, {'driver': 'Yuki Tsunoda', 'actual': 10, 'predicted': 17, 'error': 7}, {'driver': 'Pierre Gasly', 'actual': 13, 'predicted': 18, 'error': 5}, {'driver': 'Fernando Alonso', 'actual': 15, 'predicted': 11, 'error': 4}, {'driver': 'Max Verstappen', 'actual': 4, 'predicted': 1, 'error': 3}]"
2025,7,Emilia Romagna Grand Prix,False,3.1,4.37,0.713,3.8,0.669,True,3,3,Max Verstappen,Max Verstappen,"[{'driver': 'Andrea Kimi Antonelli', 'actual': 19, 'predicted': 7, 'error': 12}, {'driver': 'Yuki Tsunoda', 'actual': 10, 'predicted': 18, 'error': 8}, {'driver': 'Oliver Bearman', 'actual': 17, 'predicted': 10, 'error': 7}, {'driver': 'Pierre Gasly', 'actual': 13, 'predicted': 19, 'error': 6}, {'driver': 'Isack Hadjar', 'actual': 9, 'predicted': 13, 'error': 4}]"
2025,8,Monaco Grand Prix,False,3.7,5.07,0.614,3.0,0.74,False,2,4,Max Verstappen,Lando Norris,"[{'driver': 'Andrea Kimi Antonelli', 'actual': 18, 'predicted': 7, 'error': 11}, {'driver': 'Esteban Ocon', 'actual': 7, 'predicted': 16, 'error': 9}, {'driver': 'Liam Lawson', 'actual': 8, 'predicted': 17, 'error': 9}, {'driver': 'Fernando Alonso', 'actual': 19, 'predicted': 11, 'error': 8}, {'driver': 'Isack Hadjar', 'actual': 6, 'predicted': 13, 'error': 7}]"
2025,9,Spanish Grand Prix,True,4.947,6.181,0.363,2.211,0.832,False,2,4,Max Verstappen,Oscar Piastri,"[{'driver': 'Andrea Kimi Antonelli', 'actual': 18, 'predicted': 7, 'error': 11}, {'driver': 'Alexander Albon', 'actual': 19, 'predicted': 8, 'error': 11}, {'driver': 'Pierre Gasly', 'actual': 8, 'predicted': 18, 'error': 10}, {'driver': 'Nico Hülkenberg', 'actual': 5, 'predicted': 14, 'error': 9}, {'driver': 'Max Verstappen', 'actual': 10, 'predicted': 1, 'error': 9}]"
2025,10,Canadian Grand Prix,False,4.0,5.639,0.522,2.9,0.805,False,1,4,Max Verstappen,George Russell,"[{'driver': 'Lando Norris', 'actual': 18, 'predicted': 2, 'error': 16}, {'driver': 'Alexander Albon', 'actual': 20, 'predicted': 8, 'error': 12}, {'driver': 'Esteban Ocon', 'actual': 9, 'predicted': 16, 'error': 7}, {'driver': 'Nico Hülkenberg', 'actual': 8, 'predicted': 14, 'error': 6}, {'driver': 'Yuki Tsunoda', 'actual': 12, 'predicted': 18, 'error': 6}]"
2025,11,Austrian Grand Prix,False,5.4,7.211,0.218,3.6,0.668,False,2,4,Max Verstappen,Lando Norris,"[{'driver': 'Max Verstappen', 'actual': 18, 'predicted': 1, 'error': 17}, {'driver': 'Gabriel Bortoleto', 'actual': 8, 'predicted': 20, 'error': 12}, {'driver': 'Andrea Kimi Antonelli', 'actual': 19, 'predicted': 7, 'error': 12}, {'driver': 'Liam Lawson', 'actual': 6, 'predicted': 17, 'error': 11}, {'driver': 'Carlos Sainz', 'actual': 20, 'predicted': 9, 'error': 11}]"
2025,12,British Grand Prix,False,4.6,5.891,0.478,2.0,0.886,False,2,3,Max Verstappen,Lando Norris,"[{'driver': 'Pierre Gasly', 'actual': 6, 'predicted': 19, 'error': 13}, {'driver': 'Nico Hülkenberg', 'actual': 3, 'predicted': 14, 'error': 11}, {'driver': 'Charles Leclerc', 'actual': 14, 'predicted': 5, 'error': 9}, {'driver': 'Andrea Kimi Antonelli', 'actual': 16, 'predicted': 7, 'error': 9}, {'driver': 'Lance Stroll', 'actual': 7, 'predicted': 15, 'error': 8}]"
2025,13,Belgian Grand Prix,True,4.4,5.63,0.523,4.0,0.564,False,2,5,Max Verstappen,Oscar Piastri,"[{'driver': 'Gabriel Bortoleto', 'actual': 9, 'predicted': 20, 'error': 11}, {'driver': 'Liam Lawson', 'actual': 8, 'predicted': 17, 'error': 9}, {'driver': 'Pierre Gasly', 'actual': 10, 'predicted': 19, 'error': 9}, {'driver': 'Andrea Kimi Antonelli', 'actual': 16, 'predicted': 7, 'error': 9}, {'driver': 'Carlos Sainz', 'actual': 18, 'predicted': 9, 'error': 9}]"
2025,14,Hungarian Grand Prix,False,4.5,5.941,0.469,4.9,0.457,False,2,4,Max Verstappen,Lando Norris,"[{'driver': 'Gabriel Bortoleto', 'actual': 6, 'predicted': 20, 'error': 14}, {'driver': 'Oliver Bearman', 'actual': 20, 'predicted': 10, 'error': 10}, {'driver': 'Liam Lawson', 'actual': 8, 'predicted': 17, 'error': 9}, {'driver': 'Lance Stroll', 'actual': 7, 'predicted': 15, 'error': 8}, {'driver': 'Max Verstappen', 'actual': 9, 'predicted': 1, 'error': 8}]"
2025,15,Dutch Grand Prix,False,5.8,7.483,0.158,2.1,0.887,False,2,3,Max Verstappen,Oscar Piastri,"[{'driver': 'Lando Norris', 'actual': 18, 'predicted': 2, 'error': 16}, {'driver': 'Charles Leclerc', 'actual': 19, 'predicted': 5, 'error': 14}, {'driver': 'Lewis Hamilton', 'actual': 20, 'predicted': 6, 'error': 14}, {'driver': 'Isack Hadjar', 'actual': 3, 'predicted': 13, 'error': 10}, {'driver': 'Yuki Tsunoda', 'actual': 9, 'predicted': 18, 'error': 9}]"
2025,16,Italian Grand Prix,False,2.9,4.159,0.74,2.9,0.749,True,3,5,Max Verstappen,Max Verstappen,"[{'driver': 'Gabriel Bortoleto', 'actual': 8, 'predicted': 20, 'error': 12}, {'driver': 'Fernando Alonso', 'actual': 19, 'predicted': 11, 'error': 8}, {'driver': 'Nico Hülkenberg', 'actual': 20, 'predicted': 14, 'error': 6}, {'driver': 'Yuki Tsunoda', 'actual': 13, 'predicted': 18, 'error': 5}, {'driver': 'Franco Colapinto', 'actual': 17, 'predicted': 12, 'error': 5}]"
2025,17,Azerbaijan Grand Prix,False,5.0,6.588,0.347,4.4,0.588,True,1,2,Max Verstappen,Max Verstappen,"[{'driver': 'Oscar Piastri', 'actual': 20, 'predicted': 3, 'error': 17}, {'driver': 'Liam Lawson', 'actual': 5, 'predicted': 17, 'error': 12}, {'driver': 'Yuki Tsunoda', 'actual': 6, 'predicted': 18, 'error': 12}, {'driver': 'Gabriel Bortoleto', 'actual': 11, 'predicted': 20, 'error': 9}, {'driver': 'Franco Colapinto', 'actual': 19, 'predicted': 12, 'error': 7}]"
2025,18,Singapore Grand Prix,False,2.5,3.066,0.859,3.1,0.735,False,2,4,Max Verstappen,George Russell,"[{'driver': 'Yuki Tsunoda', 'actual': 12, 'predicted': 18, 'error': 6}, {'driver': 'Alexander Albon', 'actual': 14, 'predicted': 8, 'error': 6}, {'driver': 'Nico Hülkenberg', 'actual': 20, 'predicted': 14, 'error': 6}, {'driver': 'Fernando Alonso', 'actual': 7, 'predicted': 11, 'error': 4}, {'driver': 'Franco Colapinto', 'actual': 16, 'predicted': 12, 'error': 4}]"
2025,19,United States Grand Prix,True,3.5,4.754,0.66,2.7,0.749,True,2,4,Max Verstappen,Max Verstappen,"[{'driver': 'Yuki Tsunoda', 'actual': 7, 'predicted': 18, 'error': 11}, {'driver': 'Carlos Sainz', 'actual': 20, 'predicted': 9, 'error': 11}, {'driver': 'Nico Hülkenberg', 'actual': 8, 'predicted': 14, 'error': 6}, {'driver': 'Liam Lawson', 'actual': 11, 'predicted': 17, 'error': 6}, {'driver': 'Andrea Kimi Antonelli', 'actual': 13, 'predicted': 7, 'error': 6}]"
2025,20,Mexico City Grand Prix,False,4.0,4.806,0.653,2.8,0.827,False,2,4,Max Verstappen,Lando Norris,"[{'driver': 'Gabriel Bortoleto', 'actual': 10, 'predicted': 20, 'error': 10}, {'driver': 'Carlos Sainz', 'actual': 17, 'predicted': 9, 'error': 8}, {'driver': 'Esteban Ocon', 'actual': 9, 'predicted': 16, 'error': 7}, {'driver': 'Yuki Tsunoda', 'actual': 11, 'predicted': 18, 'error': 7}, {'driver': 'Fernando Alonso', 'actual': 18, 'predicted': 11, 'error': 7}]"
2025,21,São Paulo Grand Prix,False,4.4,5.84,0.487,4.35,0.489,False,2,4,Max Verstappen,Lando Norris,"[{'driver': 'Charles Leclerc', 'actual': 19, 'predicted': 5, 'error': 14}, {'driver': 'Lewis Hamilton', 'actual': 18, 'predicted': 6, 'error': 12}, {'driver': 'Liam Lawson', 'actual': 7, 'predicted': 17, 'error': 10}, {'driver': 'Pierre Gasly', 'actual': 10, 'predicted': 19, 'error': 9}, {'driver': 'Andrea Kimi Antonelli', 'actual': 2, 'predicted': 7, 'error': 5}]"
2025,22,Las Vegas Grand Prix,True,5.0,6.848,0.295,4.2,0.529,True,1,3,Max Verstappen,Max Verstappen,"[{'driver': 'Lando Norris', 'actual': 19, 'predicted': 2, 'error': 17}, {'driver': 'Oscar Piastri', 'actual': 20, 'predicted': 3, 'error': 17}, {'driver': 'Alexander Albon', 'actual': 16, 'predicted': 8, 'error': 8}, {'driver': 'Isack Hadjar', 'actual': 6, 'predicted': 13, 'error': 7}, {'driver': 'Nico Hülkenberg', 'actual': 7, 'predicted': 14, 'error': 7}]"
2025,23,Qatar Grand Prix,False,4.0,4.775,0.657,2.9,0.774,True,2,3,Max Verstappen,Max Verstappen,"[{'driver': 'Oliver Bearman', 'actual': 19, 'predicted': 10, 'error': 9}, {'driver': 'Liam Lawson', 'actual': 9, 'predicted': 17, 'error': 8}, {'driver': 'Yuki Tsunoda', 'actual': 10, 'predicted': 18, 'error': 8}, {'driver': 'Gabriel Bortoleto', 'actual': 13, 'predicted': 20, 'error': 7}, {'driver': 'Carlos Sainz', 'actual': 3, 'predicted': 9, 'error': 6}]"
2025,24,Abu Dhabi Grand Prix,False,3.9,4.95,0.632,3.8,0.602,True,3,5,Max Verstappen,Max Verstappen,"[{'driver': 'Esteban Ocon', 'actual': 7, 'predicted': 16, 'error': 9}, {'driver': 'Gabriel Bortoleto', 'actual': 11, 'predicted': 20, 'error': 9}, {'driver': 'Andrea Kimi Antonelli', 'actual': 15, 'predicted': 7, 'error': 8}, {'driver': 'Alexander Albon', 'actual': 16, 'predicted': 8, 'error': 8}, {'driver': 'Franco Colapinto', 'actual': 20, 'predicted': 12, 'error': 8}]"
